Workbook

Sheet Componentes
A1: Potencia por componente (datasheet)
A3: Componente | B3: P idle (W) | C3: P activo (W) | D3: P pico (W) | E3: Cantidad | F3: Fuente
A4: Raspberry Pi 5 (4 GB) | B4: 3 | C4: 5.5 | D4: 8 | E4: 1 | F4: RPi Foundation
A5: OV5647 sensor | B5: 0.05 | C5: 0.2 | D5: 0.3 | E5: 1 | F5: OmniVision DS
A6: OLED SSD1351 (50% pixels) | B6: 0 | C6: 0.25 | D6: 0.8 | E6: 1 | F6: Solomon Systech
A7: TXS0108E level shifter | B7: 0.005 | C7: 0.01 | D7: 0.02 | E7: 1 | F7: TI
A8: MCP2515 CAN transceiver* | B8: 0.04 | C8: 0.08 | D8: 0.1 | E8: 1 | F8: Microchip (opcional)
A9: INA219 sensor I2C* | B9: 0.005 | C9: 0.005 | D9: 0.005 | E9: 1 | F9: TI (opcional)
A10: TOTAL (todos activos) | B10: =SUMPRODUCT(B4:B9,E4:E9) | C10: =SUMPRODUCT(C4:C9,E4:E9) | D10: =SUMPRODUCT(D4:D9,E4:E9) | E10: — | F10: —
A12: * Componentes opcionales

Sheet Fases
A1: Duracion y potencia por fase del pipeline
A3: Fase | B3: Duracion (s) | C3: P media estimada (W) | D3: Componentes activos | E3: Energia E = P·t (J) | F3: Notas
A4: IDLE pre-scan | B4: 5 | C4: 3.05 | D4: RPi solo | E4: =B4*C4 | F4: espera comando
A5: CAPTURING | B5: 8 | C5: 5.95 | D5: RPi + OLED + sensor | E5: =B5*C5 | F5: 25 angulos OLED
A6: PROCESSING | B6: 30 | C6: 7.5 | D6: RPi (CPU 100%) | E6: =B6*C6 | F6: StarDist + CLAHE
A7: DOWNLINK | B7: 10 | C7: 4 | D7: RPi + I2C | E7: =B7*C7 | F7: thumbnail 100 KB
A8: IDLE post | B8: 5 | C8: 3.05 | D8: RPi solo | E8: =B8*C8 | F8: espera proximo cmd
A9: TOTAL POR SCAN | B9: =SUM(B4:B8) | C9: =SUMPRODUCT(B4:B8,C4:C8)/SUM(B4:B8) | D9: — | E9: =SUM(E4:E8) | F9: —

Sheet Por_scan
A1: Resumen energetico por scan
A3: Magnitud | B3: Valor
A4: Voltaje del rail | B4: 5.0
A5: Energia total por scan (J) | B5: =Fases!E9
A6: Energia total por scan (Wh) | B6: =B5/3600
A7: Carga (mAh) por scan | B7: =(B5/B4)/3.6
A8: Duracion total del scan (s) | B8: =Fases!B9
A9: Potencia media | B9: =B5/B8

Sheet Por_orbita
A1: Presupuesto energetico por orbita
A3: ENTRADAS (modificar)
A4: Duracion de la orbita (min) | B4: 90
A5: Numero de scans por orbita | B5: 4
A6: Tiempo en SAFE / sleep (min) | B6: 60
A7: Potencia en SAFE (W) | B7: 1
A8: Tension del rail (V) | B8: 5
A11: SALIDAS (calculadas)
A12: Energia activa por orbita (J) | B12: =Por_scan!B5*B5
A13: Energia en SAFE por orbita (J) | B13: =B6*60*B7
A14: Energia total por orbita (J) | B14: =B12+B13
A15: Energia total por orbita (Wh) | B15: =B14/3600
A16: Carga total por orbita (mAh) | B16: =(B14/B8)/3.6
A17: Potencia promedio orbital (W) | B17: =B14/(B4*60)
A18: Bateria sugerida (margen 50%, mAh) | B18: =B16*1.5

Sheet Mediciones_reales
A1: Mediciones experimentales (INA219)
A3: Pegar aqui los valores reales medidos con tools/power_profiler.py para validar las estimaciones.
A5: Fase | B5: P media medida (W) | C5: P pico medida (W) | D5: Duracion medida (s) | E5: E medida (J) | F5: Diferencia vs estimado (%)
A6: IDLE pre-scan | E6: =B6*D6 | F6: =IFERROR(((B6-Fases!C4)/Fases!C4)*100,"")
A7: CAPTURING | E7: =B7*D7 | F7: =IFERROR(((B7-Fases!C5)/Fases!C5)*100,"")
A8: PROCESSING | E8: =B8*D8 | F8: =IFERROR(((B8-Fases!C6)/Fases!C6)*100,"")
A9: DOWNLINK | E9: =B9*D9 | F9: =IFERROR(((B9-Fases!C7)/Fases!C7)*100,"")
A10: IDLE post | E10: =B10*D10 | F10: =IFERROR(((B10-Fases!C8)/Fases!C8)*100,"")
